[
   {
      "createdBy":"system",
      "createdDate":1427036874924,
      "lastModifiedBy":null,
      "lastModifiedDate":null,
      "id":1,
      "active":true,
      "name":"Salad",
      "productType":{
         "createdBy":"system",
         "createdDate":1427036874910,
         "lastModifiedBy":null,
         "lastModifiedDate":null,
         "id":1,
         "name":"Produce",
         "accountingCode":"PT12345",
         "includeInInventory":true
      }
   },
   {
      "createdBy":"system",
      "createdDate":1427036874924,
      "lastModifiedBy":null,
      "lastModifiedDate":null,
      "id":2,
      "active":true,
      "name":"Tomato",
      "productType":{
         "createdBy":"system",
         "createdDate":1427036874910,
         "lastModifiedBy":null,
         "lastModifiedDate":null,
         "id":1,
         "name":"Produce",
         "accountingCode":"PT12345",
         "includeInInventory":true
      }
   },
   {
      "createdBy":"system",
      "createdDate":1427036874924,
      "lastModifiedBy":null,
      "lastModifiedDate":null,
      "id":3,
      "active":true,
      "name":"Apricots",
      "productType":{
         "createdBy":"system",
         "createdDate":1427036874910,
         "lastModifiedBy":null,
         "lastModifiedDate":null,
         "id":1,
         "name":"Produce",
         "accountingCode":"PT12345",
         "includeInInventory":true
      }
   },
   {
      "createdBy":"system",
      "createdDate":1427036874924,
      "lastModifiedBy":null,
      "lastModifiedDate":null,
      "id":4,
      "active":true,
      "name":"Cherries",
      "productType":{
         "createdBy":"system",
         "createdDate":1427036874910,
         "lastModifiedBy":null,
         "lastModifiedDate":null,
         "id":1,
         "name":"Produce",
         "accountingCode":"PT12345",
         "includeInInventory":true
      }
   }
]